{
    "HAPI": "3.3",
    "status": {
        "code": 1200,
        "message": "OK request successful"
    },
    "parameters": [
        {
            "length": 24,
            "name": "Time",
            "type": "isotime",
            "units": "UTC",
            "fill": null
        },
	{"name": "SMEd", "type": "double", "units": "nT", "fill": "999999.0", "desc": "SME Dark indice"},
	{"name": "SMLd", "type": "double", "units": "nT", "fill": "999999.0", "desc": "SML Dark indice"},
	{"name": "SMLdmlat", "type": "double", "units": "degrees", "fill": "999999.0", "desc": "SML Dark indice magnetic latitude"},
	{"name": "SMLdmlt", "type": "double", "units": "degrees", "fill": "999999.0", "desc": "SML Dark indice magnetic longitude"},
	{"name": "SMLdglat", "type": "double", "units": "degrees", "fill": "999999.0", "desc": "SML Dark indice geographic latitude"},
	{"name": "SMLdglon", "type": "double", "units": "degrees", "fill": "999999.0", "desc": "SML Dark indice geographic longitude"},
	{"name": "SMLdstid", "type": "string", "units": null, "length": 3, "fill": "n/a", "desc": "IAGA station codes of the stations used to compute the SML Dark indice"},
	{"name": "SMUd", "type": "double", "units": "nT", "fill": "999999.0", "desc": "SMU Dark indice"},
	{"name": "SMUdmlat", "type": "double", "units": "degrees", "fill": "999999.0", "desc": "SMU Dark indice magnetic latitude"},
	{"name": "SMUdmlt", "type": "double", "units": "degrees", "fill": "999999.0", "desc": "SMU Dark indice magnetic longitude"},
	{"name": "SMUdglat", "type": "double", "units": "degrees", "fill": "999999.0", "desc": "SMU Dark indice geographic latitude"},
	{"name": "SMUdglon", "type": "double", "units": "degrees", "fill": "999999.0", "desc": "SMU Dark indice geographic longitude"},
	{"name": "SMUdstid", "type": "string", "units": null, "length": 3, "fill": "n/a", "desc": "IAGA station codes of the stations used to compute the SMU Dark indice"},
	{"name": "NUMd", "type": "double", "units": "nT", "fill": "999999.0", "desc": "Number of stations used to compute the Dark SME indices"}
    ],
    "startDate": "1975-01-01T00:00Z",
    "stopDate": "lastday-P1D",
    "sampleStartDate": "2018-01-18T00:00Z",
    "sampleStopDate": "2018-01-19T00:00Z",
    "cadence": "PT1M",
    "citation": "https://supermag.jhuapl.edu/info/?page=rulesoftheroad",
    "description": "The SuperMAG data processing technique, J. W. Gjerloev, https://doi.org/10.1029/2012JA017683\n  This data taken from the Python API, https://supermag.jhuapl.edu/mag/?tab=api&fidelity=low"
}
